{
  "level_1": 0.3920958109986103,
  "level_2": 0.48283819733968625,
  "level_3": 0.6703714909668453,
  "level_4": 0.8246191780821918
}